time_periods,total_rides,total_revenue,avg_revenue_per_ride,avg_rating
Peak Hours,11635,274156.6,23.5630941125913,4.36581005586592
Off-Peak Hours,6540,123599.67,18.8990321100917,4.26062691131498
Late Night,6450,121770.48,18.8791441860465,4.25079069767442
