zone_type,total_rides,total_revenue,average_revenue_per_ride,avg_distance,avg_customer_rating
airport,6623,284804.02,43.0022678544466,12.0428899290352,4.92251245659067
downtown,8167,118377.32,14.4945904248806,3.08433819027795,4.14683482306845
commercial,5415,70069.6,12.9399076638966,3.09082548476454,4.07595567867036
residential,4420,46275.81,10.4696402714932,3.03535067873303,3.96787330316742
